,Lipid,Sample_ID,db_pos,Product_Ion,Retention_Time,OzESI_Intensity,Parent_Ion,Biology,Genotype,Mouse
0,[TG(50:3)]_FA18:1,11282023_DOD94_F3_WT_cereb_O3on_01,n-9,547.5,13.32,559,736.7,cereb,WT,DOD94_F3
1,[TG(50:3)]_FA18:1,11282023_DOD94_F3_WT_dienc_O3on_01,n-9,547.5,13.32,1334,736.7,dienc,WT,DOD94_F3
2,[TG(50:3)]_FA18:1,11282023_DOD94_F3_WT_hippo_O3on_01,n-9,547.5,13.36,667,736.7,hippo,WT,DOD94_F3
3,[TG(50:3)]_FA18:1,11282023_FAD184_F3_WT_cortex_O3on_01,n-9,547.5,13.23,2524,736.7,cortex,WT,FAD184_F3
4,[TG(50:3)]_FA18:1,11282023_FAD184_F3_WT_dienc_O3on_01,n-9,547.5,13.18,686,736.7,dienc,WT,FAD184_F3
5,[TG(50:3)]_FA18:1,11282023_FAD184_F4_WT_cereb_O3on_01,n-9,547.5,13.36,665,736.7,cereb,WT,FAD184_F4
6,[TG(50:3)]_FA18:1,11282023_FAD184_F4_WT_dienc_O3on_01,n-9,547.5,13.23,591,736.7,dienc,WT,FAD184_F4
7,[TG(50:3)]_FA18:1,11282023_FAD185_M4_WT_cereb_O3on_01,n-7,547.5,13.27,881,764.7,cereb,WT,FAD185_M4
8,[TG(50:3)]_FA18:1,11282023_FAD185_M4_WT_cereb_O3on_01,n-9,547.5,13.36,5801,736.7,cereb,WT,FAD185_M4
9,[TG(50:3)]_FA18:1,11282023_FAD185_M4_WT_cortex_O3on_01,n-9,547.5,13.36,3674,736.7,cortex,WT,FAD185_M4
10,[TG(50:3)]_FA18:1,11282023_FAD185_M4_WT_hippo_O3on_01,n-9,547.5,13.45,578,736.7,hippo,WT,FAD185_M4
11,[TG(50:3)]_FA18:1,11282023_FAD189_M3_WT_cereb_O3on_01,n-9,547.5,13.36,1821,736.7,cereb,WT,FAD189_M3
12,[TG(50:3)]_FA18:1,11282023_FAD189_M3_WT_cortex_O3on_01,n-9,547.5,13.32,6918,736.7,cortex,WT,FAD189_M3
13,[TG(50:3)]_FA18:1,11282023_FAD189_M3_WT_dienc_O3on_01,n-9,547.5,13.36,1042,736.7,dienc,WT,FAD189_M3
14,[TG(52:5)]_FA16:1,11282023_DOD94_F3_WT_cereb_O3on_01,n-7,599.5,12.02,673,788.7,cereb,WT,DOD94_F3
15,[TG(52:5)]_FA16:1,11282023_DOD94_F3_WT_cortex_O3on_01,n-7,599.5,12.02,1126,788.7,cortex,WT,DOD94_F3
16,[TG(52:5)]_FA16:1,11282023_DOD94_F3_WT_dienc_O3on_01,n-7,599.5,12.1,1567,788.7,dienc,WT,DOD94_F3
17,[TG(52:5)]_FA16:1,11282023_FAD184_F3_WT_cortex_O3on_01,n-7,599.5,12.02,3221,788.7,cortex,WT,FAD184_F3
18,[TG(52:5)]_FA16:1,11282023_FAD184_F3_WT_dienc_O3on_01,n-7,599.5,12.06,512,788.7,dienc,WT,FAD184_F3
19,[TG(52:5)]_FA16:1,11282023_FAD185_M4_WT_cereb_O3on_01,n-7,599.5,12.02,26428,788.7,cereb,WT,FAD185_M4
20,[TG(52:5)]_FA16:1,11282023_FAD185_M4_WT_cereb_O3on_01,n-9,599.5,12.07,2939,760.7,cereb,WT,FAD185_M4
21,[TG(52:5)]_FA16:1,11282023_FAD185_M4_WT_cortex_O3on_01,n-7,599.5,12.02,16896,788.7,cortex,WT,FAD185_M4
22,[TG(52:5)]_FA16:1,11282023_FAD185_M4_WT_cortex_O3on_01,n-9,599.5,12.07,3054,760.7,cortex,WT,FAD185_M4
23,[TG(52:5)]_FA16:1,11282023_FAD185_M4_WT_dienc_O3on_01,n-7,599.5,12.02,1840,788.7,dienc,WT,FAD185_M4
24,[TG(52:5)]_FA16:1,11282023_FAD185_M4_WT_hippo_O3on_01,n-7,599.5,12.06,539,788.7,hippo,WT,FAD185_M4
25,[TG(52:5)]_FA16:1,11282023_FAD189_M3_WT_cereb_O3on_01,n-7,599.5,12.02,6437,788.7,cereb,WT,FAD189_M3
26,[TG(52:5)]_FA16:1,11282023_FAD189_M3_WT_cereb_O3on_01,n-9,599.5,12.07,1045,760.7,cereb,WT,FAD189_M3
27,[TG(52:5)]_FA16:1,11282023_FAD189_M3_WT_cortex_O3on_01,n-7,599.5,11.97,17455,788.7,cortex,WT,FAD189_M3
28,[TG(52:5)]_FA16:1,11282023_FAD189_M3_WT_cortex_O3on_01,n-9,599.5,12.07,1638,760.7,cortex,WT,FAD189_M3
29,[TG(52:5)]_FA16:1,11282023_FAD189_M3_WT_dienc_O3on_01,n-7,599.5,12.02,1849,788.7,dienc,WT,FAD189_M3
30,[TG(54:5)]_FA18:1,11282023_DOD94_F3_WT_cereb_O3on_01,n-9,599.5,13.3,778,788.7,cereb,WT,DOD94_F3
31,[TG(54:5)]_FA18:1,11282023_DOD94_F3_WT_cortex_O3on_01,n-9,599.5,13.26,1414,788.7,cortex,WT,DOD94_F3
32,[TG(54:5)]_FA18:1,11282023_DOD94_F3_WT_dienc_O3on_01,n-9,599.5,13.35,4714,788.7,dienc,WT,DOD94_F3
33,[TG(54:5)]_FA18:1,11282023_FAD184_F3_WT_cereb_O3on_01,n-9,599.5,13.26,987,788.7,cereb,WT,FAD184_F3
34,[TG(54:5)]_FA18:1,11282023_FAD184_F3_WT_cortex_O3on_01,n-7,599.5,13.21,1406,816.7,cortex,WT,FAD184_F3
35,[TG(54:5)]_FA18:1,11282023_FAD184_F3_WT_cortex_O3on_01,n-9,599.5,13.26,7540,788.7,cortex,WT,FAD184_F3
36,[TG(54:5)]_FA18:1,11282023_FAD184_F3_WT_dienc_O3on_01,n-9,599.5,13.26,727,788.7,dienc,WT,FAD184_F3
37,[TG(54:5)]_FA18:1,11282023_FAD184_F4_WT_cortex_O3on_01,n-9,599.5,13.3,813,788.7,cortex,WT,FAD184_F4
38,[TG(54:5)]_FA18:1,11282023_FAD184_F4_WT_dienc_O3on_01,n-9,599.5,13.26,617,788.7,dienc,WT,FAD184_F4
39,[TG(54:5)]_FA18:1,11282023_FAD185_M4_WT_cereb_O3on_01,n-7,599.5,13.16,9256,816.7,cereb,WT,FAD185_M4
40,[TG(54:5)]_FA18:1,11282023_FAD185_M4_WT_cereb_O3on_01,n-9,599.5,13.26,26171,788.7,cereb,WT,FAD185_M4
41,[TG(54:5)]_FA18:1,11282023_FAD185_M4_WT_cortex_O3on_01,n-7,599.5,13.16,2219,816.7,cortex,WT,FAD185_M4
42,[TG(54:5)]_FA18:1,11282023_FAD185_M4_WT_cortex_O3on_01,n-9,599.5,13.26,19727,788.7,cortex,WT,FAD185_M4
43,[TG(54:5)]_FA18:1,11282023_FAD185_M4_WT_dienc_O3on_01,n-7,599.5,13.21,583,816.7,dienc,WT,FAD185_M4
44,[TG(54:5)]_FA18:1,11282023_FAD185_M4_WT_dienc_O3on_01,n-9,599.5,13.26,3594,788.7,dienc,WT,FAD185_M4
45,[TG(54:5)]_FA18:1,11282023_FAD185_M4_WT_hippo_O3on_01,n-9,599.5,13.26,1702,788.7,hippo,WT,FAD185_M4
46,[TG(54:5)]_FA18:1,11282023_FAD189_M3_WT_cereb_O3on_01,n-7,599.5,13.21,654,816.7,cereb,WT,FAD189_M3
47,[TG(54:5)]_FA18:1,11282023_FAD189_M3_WT_cereb_O3on_01,n-9,599.5,13.26,7969,788.7,cereb,WT,FAD189_M3
48,[TG(54:5)]_FA18:1,11282023_FAD189_M3_WT_cortex_O3on_01,n-7,599.5,13.21,1839,816.7,cortex,WT,FAD189_M3
49,[TG(54:5)]_FA18:1,11282023_FAD189_M3_WT_cortex_O3on_01,n-9,599.5,13.26,14770,788.7,cortex,WT,FAD189_M3
50,[TG(54:5)]_FA18:1,11282023_FAD189_M3_WT_dienc_O3on_01,n-7,599.5,13.21,596,816.7,dienc,WT,FAD189_M3
51,[TG(54:5)]_FA18:1,11282023_FAD189_M3_WT_dienc_O3on_01,n-9,599.5,13.21,5626,788.7,dienc,WT,FAD189_M3
52,[TG(54:6)]_FA18:1,11282023_DOD94_F3_WT_dienc_O3on_01,n-9,597.5,12.24,544,786.7,dienc,WT,DOD94_F3
53,[TG(54:6)]_FA18:1,11282023_FAD185_M4_WT_cereb_O3on_01,n-9,597.5,12.15,3069,786.7,cereb,WT,FAD185_M4
54,[TG(54:6)]_FA18:1,11282023_FAD185_M4_WT_cortex_O3on_01,n-9,597.5,12.1,1377,786.7,cortex,WT,FAD185_M4
55,[TG(54:6)]_FA18:1,11282023_FAD189_M3_WT_cortex_O3on_01,n-9,597.5,12.1,1207,786.7,cortex,WT,FAD189_M3
56,"[TG(55:10),TG(54:3)]_FA18:1",11282023_DOD94_F3_WT_cereb_O3on_01,n-7,603.5,15.6,577,820.7,cereb,WT,DOD94_F3
57,"[TG(55:10),TG(54:3)]_FA18:1",11282023_DOD94_F3_WT_cereb_O3on_01,n-9,603.5,15.7,8248,792.7,cereb,WT,DOD94_F3
58,"[TG(55:10),TG(54:3)]_FA18:1",11282023_DOD94_F3_WT_cortex_O3on_01,n-9,603.5,15.66,10377,792.7,cortex,WT,DOD94_F3
59,"[TG(55:10),TG(54:3)]_FA18:1",11282023_DOD94_F3_WT_dienc_O3on_01,n-7,603.5,15.65,1241,820.7,dienc,WT,DOD94_F3
60,"[TG(55:10),TG(54:3)]_FA18:1",11282023_DOD94_F3_WT_dienc_O3on_01,n-9,603.5,15.7,23010,792.7,dienc,WT,DOD94_F3
61,"[TG(55:10),TG(54:3)]_FA18:1",11282023_DOD94_F3_WT_hippo_O3on_01,n-7,603.5,15.74,709,820.7,hippo,WT,DOD94_F3
62,"[TG(55:10),TG(54:3)]_FA18:1",11282023_DOD94_F3_WT_hippo_O3on_01,n-9,603.5,15.79,8977,792.7,hippo,WT,DOD94_F3
63,"[TG(55:10),TG(54:3)]_FA18:1",11282023_FAD184_F3_WT_cereb_O3on_01,n-7,603.5,15.56,1076,820.7,cereb,WT,FAD184_F3
64,"[TG(55:10),TG(54:3)]_FA18:1",11282023_FAD184_F3_WT_cereb_O3on_01,n-9,603.5,15.66,11069,792.7,cereb,WT,FAD184_F3
65,"[TG(55:10),TG(54:3)]_FA18:1",11282023_FAD184_F3_WT_cortex_O3on_01,n-7,603.5,15.56,2337,820.7,cortex,WT,FAD184_F3
66,"[TG(55:10),TG(54:3)]_FA18:1",11282023_FAD184_F3_WT_cortex_O3on_01,n-9,603.5,15.61,33073,792.7,cortex,WT,FAD184_F3
67,"[TG(55:10),TG(54:3)]_FA18:1",11282023_FAD184_F3_WT_dienc_O3on_01,n-7,603.5,15.56,648,820.7,dienc,WT,FAD184_F3
68,"[TG(55:10),TG(54:3)]_FA18:1",11282023_FAD184_F3_WT_dienc_O3on_01,n-9,603.5,15.66,9687,792.7,dienc,WT,FAD184_F3
69,"[TG(55:10),TG(54:3)]_FA18:1",11282023_FAD184_F3_WT_hippo_O3on_01,n-7,603.5,15.56,728,820.7,hippo,WT,FAD184_F3
70,"[TG(55:10),TG(54:3)]_FA18:1",11282023_FAD184_F3_WT_hippo_O3on_01,n-9,603.5,15.66,9171,792.7,hippo,WT,FAD184_F3
71,"[TG(55:10),TG(54:3)]_FA18:1",11282023_FAD184_F4_WT_cereb_O3on_01,n-7,603.5,15.56,673,820.7,cereb,WT,FAD184_F4
72,"[TG(55:10),TG(54:3)]_FA18:1",11282023_FAD184_F4_WT_cereb_O3on_01,n-9,603.5,15.66,12847,792.7,cereb,WT,FAD184_F4
73,"[TG(55:10),TG(54:3)]_FA18:1",11282023_FAD184_F4_WT_cortex_O3on_01,n-9,603.5,15.66,3957,792.7,cortex,WT,FAD184_F4
74,"[TG(55:10),TG(54:3)]_FA18:1",11282023_FAD184_F4_WT_dienc_O3on_01,n-9,603.5,15.66,8381,792.7,dienc,WT,FAD184_F4
75,"[TG(55:10),TG(54:3)]_FA18:1",11282023_FAD184_F4_WT_hippo_O3on_01,n-9,603.5,15.61,4193,792.7,hippo,WT,FAD184_F4
76,"[TG(55:10),TG(54:3)]_FA18:1",11282023_FAD185_M4_WT_cereb_O3on_01,n-7,603.5,15.56,21692,820.7,cereb,WT,FAD185_M4
77,"[TG(55:10),TG(54:3)]_FA18:1",11282023_FAD185_M4_WT_cereb_O3on_01,n-9,603.5,15.66,177357,792.7,cereb,WT,FAD185_M4
78,"[TG(55:10),TG(54:3)]_FA18:1",11282023_FAD185_M4_WT_cortex_O3on_01,n-7,603.5,15.56,3272,820.7,cortex,WT,FAD185_M4
79,"[TG(55:10),TG(54:3)]_FA18:1",11282023_FAD185_M4_WT_cortex_O3on_01,n-9,603.5,15.61,42833,792.7,cortex,WT,FAD185_M4
80,"[TG(55:10),TG(54:3)]_FA18:1",11282023_FAD185_M4_WT_dienc_O3on_01,n-7,603.5,15.6,842,820.7,dienc,WT,FAD185_M4
81,"[TG(55:10),TG(54:3)]_FA18:1",11282023_FAD185_M4_WT_dienc_O3on_01,n-9,603.5,15.66,12118,792.7,dienc,WT,FAD185_M4
82,"[TG(55:10),TG(54:3)]_FA18:1",11282023_FAD185_M4_WT_hippo_O3on_01,n-9,603.5,15.66,9855,792.7,hippo,WT,FAD185_M4
83,"[TG(55:10),TG(54:3)]_FA18:1",11282023_FAD189_M3_WT_cereb_O3on_01,n-7,603.5,15.65,1551,820.7,cereb,WT,FAD189_M3
84,"[TG(55:10),TG(54:3)]_FA18:1",11282023_FAD189_M3_WT_cereb_O3on_01,n-9,603.5,15.66,30522,792.7,cereb,WT,FAD189_M3
85,"[TG(55:10),TG(54:3)]_FA18:1",11282023_FAD189_M3_WT_cortex_O3on_01,n-7,603.5,15.6,3716,820.7,cortex,WT,FAD189_M3
86,"[TG(55:10),TG(54:3)]_FA18:1",11282023_FAD189_M3_WT_cortex_O3on_01,n-9,603.5,15.66,72652,792.7,cortex,WT,FAD189_M3
87,"[TG(55:10),TG(54:3)]_FA18:1",11282023_FAD189_M3_WT_dienc_O3on_01,n-7,603.5,15.56,1762,820.7,dienc,WT,FAD189_M3
88,"[TG(55:10),TG(54:3)]_FA18:1",11282023_FAD189_M3_WT_dienc_O3on_01,n-9,603.5,15.61,24021,792.7,dienc,WT,FAD189_M3
89,"[TG(55:10),TG(54:3)]_FA18:1",11282023_FAD189_M3_WT_hippo_O3on_01,n-9,603.5,15.66,3514,792.7,hippo,WT,FAD189_M3
90,"[TG(55:11),TG(54:4)]_FA18:1",11282023_DOD94_F3_WT_cereb_O3on_01,n-9,601.5,14.46,3356,790.7,cereb,WT,DOD94_F3
91,"[TG(55:11),TG(54:4)]_FA18:1",11282023_DOD94_F3_WT_cortex_O3on_01,n-9,601.5,14.46,5919,790.7,cortex,WT,DOD94_F3
92,"[TG(55:11),TG(54:4)]_FA18:1",11282023_DOD94_F3_WT_dienc_O3on_01,n-9,601.5,14.55,9925,790.7,dienc,WT,DOD94_F3
93,"[TG(55:11),TG(54:4)]_FA18:1",11282023_DOD94_F3_WT_hippo_O3on_01,n-9,601.5,14.59,2112,790.7,hippo,WT,DOD94_F3
94,"[TG(55:11),TG(54:4)]_FA18:1",11282023_FAD184_F3_WT_cereb_O3on_01,n-9,601.5,14.46,4175,790.7,cereb,WT,FAD184_F3
95,"[TG(55:11),TG(54:4)]_FA18:1",11282023_FAD184_F3_WT_cortex_O3on_01,n-7,601.5,14.4,2441,818.7,cortex,WT,FAD184_F3
96,"[TG(55:11),TG(54:4)]_FA18:1",11282023_FAD184_F3_WT_cortex_O3on_01,n-9,601.5,14.46,34940,790.7,cortex,WT,FAD184_F3
97,"[TG(55:11),TG(54:4)]_FA18:1",11282023_FAD184_F3_WT_dienc_O3on_01,n-9,601.5,14.46,3275,790.7,dienc,WT,FAD184_F3
98,"[TG(55:11),TG(54:4)]_FA18:1",11282023_FAD184_F3_WT_hippo_O3on_01,n-9,601.5,14.41,1672,790.7,hippo,WT,FAD184_F3
99,"[TG(55:11),TG(54:4)]_FA18:1",11282023_FAD184_F4_WT_cereb_O3on_01,n-9,601.5,14.5,3439,790.7,cereb,WT,FAD184_F4
100,"[TG(55:11),TG(54:4)]_FA18:1",11282023_FAD184_F4_WT_cortex_O3on_01,n-9,601.5,14.5,1457,790.7,cortex,WT,FAD184_F4
101,"[TG(55:11),TG(54:4)]_FA18:1",11282023_FAD184_F4_WT_dienc_O3on_01,n-9,601.5,14.46,1715,790.7,dienc,WT,FAD184_F4
102,"[TG(55:11),TG(54:4)]_FA18:1",11282023_FAD185_M4_WT_cereb_O3on_01,n-7,601.5,14.4,22476,818.7,cereb,WT,FAD185_M4
103,"[TG(55:11),TG(54:4)]_FA18:1",11282023_FAD185_M4_WT_cereb_O3on_01,n-9,601.5,14.46,102138,790.7,cereb,WT,FAD185_M4
104,"[TG(55:11),TG(54:4)]_FA18:1",11282023_FAD185_M4_WT_cortex_O3on_01,n-7,601.5,14.4,7481,818.7,cortex,WT,FAD185_M4
105,"[TG(55:11),TG(54:4)]_FA18:1",11282023_FAD185_M4_WT_cortex_O3on_01,n-9,601.5,14.46,67236,790.7,cortex,WT,FAD185_M4
106,"[TG(55:11),TG(54:4)]_FA18:1",11282023_FAD185_M4_WT_dienc_O3on_01,n-7,601.5,14.4,1655,818.7,dienc,WT,FAD185_M4
107,"[TG(55:11),TG(54:4)]_FA18:1",11282023_FAD185_M4_WT_dienc_O3on_01,n-9,601.5,14.46,14844,790.7,dienc,WT,FAD185_M4
108,"[TG(55:11),TG(54:4)]_FA18:1",11282023_FAD185_M4_WT_hippo_O3on_01,n-9,601.5,14.5,6223,790.7,hippo,WT,FAD185_M4
109,"[TG(55:11),TG(54:4)]_FA18:1",11282023_FAD189_M3_WT_cereb_O3on_01,n-7,601.5,14.4,2300,818.7,cereb,WT,FAD189_M3
110,"[TG(55:11),TG(54:4)]_FA18:1",11282023_FAD189_M3_WT_cereb_O3on_01,n-9,601.5,14.46,17600,790.7,cereb,WT,FAD189_M3
111,"[TG(55:11),TG(54:4)]_FA18:1",11282023_FAD189_M3_WT_cortex_O3on_01,n-7,601.5,14.36,5009,818.7,cortex,WT,FAD189_M3
112,"[TG(55:11),TG(54:4)]_FA18:1",11282023_FAD189_M3_WT_cortex_O3on_01,n-9,601.5,14.46,35027,790.7,cortex,WT,FAD189_M3
113,"[TG(55:11),TG(54:4)]_FA18:1",11282023_FAD189_M3_WT_dienc_O3on_01,n-7,601.5,14.4,1071,818.7,dienc,WT,FAD189_M3
114,"[TG(55:11),TG(54:4)]_FA18:1",11282023_FAD189_M3_WT_dienc_O3on_01,n-9,601.5,14.46,14776,790.7,dienc,WT,FAD189_M3
115,"[TG(55:8),TG(54:1)]_FA18:1",11282023_DOD94_F3_WT_dienc_O3on_01,n-9,607.5,16.94,550,796.7,dienc,WT,DOD94_F3
116,"[TG(55:8),TG(54:1)]_FA18:1",11282023_FAD184_F3_WT_cereb_O3on_01,n-9,607.5,16.9,599,796.7,cereb,WT,FAD184_F3
117,"[TG(55:8),TG(54:1)]_FA18:1",11282023_FAD184_F3_WT_cortex_O3on_01,n-9,607.5,16.9,939,796.7,cortex,WT,FAD184_F3
118,"[TG(55:8),TG(54:1)]_FA18:1",11282023_FAD185_M4_WT_cereb_O3on_01,n-9,607.5,16.85,4912,796.7,cereb,WT,FAD185_M4
119,"[TG(55:8),TG(54:1)]_FA18:1",11282023_FAD189_M3_WT_cereb_O3on_01,n-9,607.5,16.99,682,796.7,cereb,WT,FAD189_M3
120,"[TG(55:8),TG(54:1)]_FA18:1",11282023_FAD189_M3_WT_cortex_O3on_01,n-9,607.5,16.85,1769,796.7,cortex,WT,FAD189_M3
121,"[TG(55:9),TG(54:2)]_FA18:1",11282023_DOD94_F3_WT_cereb_O3on_01,n-7,605.5,16.89,601,822.7,cereb,WT,DOD94_F3
122,"[TG(55:9),TG(54:2)]_FA18:1",11282023_DOD94_F3_WT_cereb_O3on_01,n-9,605.5,16.9,4860,794.7,cereb,WT,DOD94_F3
123,"[TG(55:9),TG(54:2)]_FA18:1",11282023_DOD94_F3_WT_cortex_O3on_01,n-9,605.5,16.9,3377,794.7,cortex,WT,DOD94_F3
124,"[TG(55:9),TG(54:2)]_FA18:1",11282023_DOD94_F3_WT_dienc_O3on_01,n-9,605.5,16.94,6196,794.7,dienc,WT,DOD94_F3
125,"[TG(55:9),TG(54:2)]_FA18:1",11282023_DOD94_F3_WT_hippo_O3on_01,n-9,605.5,17.03,3317,794.7,hippo,WT,DOD94_F3
126,"[TG(55:9),TG(54:2)]_FA18:1",11282023_FAD184_F3_WT_cereb_O3on_01,n-7,605.5,16.85,922,822.7,cereb,WT,FAD184_F3
127,"[TG(55:9),TG(54:2)]_FA18:1",11282023_FAD184_F3_WT_cereb_O3on_01,n-9,605.5,16.9,4539,794.7,cereb,WT,FAD184_F3
128,"[TG(55:9),TG(54:2)]_FA18:1",11282023_FAD184_F3_WT_cortex_O3on_01,n-7,605.5,16.85,653,822.7,cortex,WT,FAD184_F3
129,"[TG(55:9),TG(54:2)]_FA18:1",11282023_FAD184_F3_WT_cortex_O3on_01,n-9,605.5,16.85,7909,794.7,cortex,WT,FAD184_F3
130,"[TG(55:9),TG(54:2)]_FA18:1",11282023_FAD184_F3_WT_dienc_O3on_01,n-7,605.5,16.8,876,822.7,dienc,WT,FAD184_F3
131,"[TG(55:9),TG(54:2)]_FA18:1",11282023_FAD184_F3_WT_dienc_O3on_01,n-9,605.5,16.85,3978,794.7,dienc,WT,FAD184_F3
132,"[TG(55:9),TG(54:2)]_FA18:1",11282023_FAD184_F3_WT_hippo_O3on_01,n-9,605.5,16.9,4789,794.7,hippo,WT,FAD184_F3
133,"[TG(55:9),TG(54:2)]_FA18:1",11282023_FAD184_F4_WT_cereb_O3on_01,n-7,605.5,16.8,731,822.7,cereb,WT,FAD184_F4
134,"[TG(55:9),TG(54:2)]_FA18:1",11282023_FAD184_F4_WT_cereb_O3on_01,n-9,605.5,16.9,3208,794.7,cereb,WT,FAD184_F4
135,"[TG(55:9),TG(54:2)]_FA18:1",11282023_FAD184_F4_WT_cortex_O3on_01,n-9,605.5,16.94,1741,794.7,cortex,WT,FAD184_F4
136,"[TG(55:9),TG(54:2)]_FA18:1",11282023_FAD184_F4_WT_dienc_O3on_01,n-9,605.5,16.9,4158,794.7,dienc,WT,FAD184_F4
137,"[TG(55:9),TG(54:2)]_FA18:1",11282023_FAD184_F4_WT_hippo_O3on_01,n-9,605.5,16.9,1140,794.7,hippo,WT,FAD184_F4
138,"[TG(55:9),TG(54:2)]_FA18:1",11282023_FAD185_M4_WT_cereb_O3on_01,n-7,605.5,16.8,3020,822.7,cereb,WT,FAD185_M4
139,"[TG(55:9),TG(54:2)]_FA18:1",11282023_FAD185_M4_WT_cereb_O3on_01,n-9,605.5,16.85,41704,794.7,cereb,WT,FAD185_M4
140,"[TG(55:9),TG(54:2)]_FA18:1",11282023_FAD185_M4_WT_cortex_O3on_01,n-9,605.5,16.85,3674,794.7,cortex,WT,FAD185_M4
141,"[TG(55:9),TG(54:2)]_FA18:1",11282023_FAD185_M4_WT_dienc_O3on_01,n-9,605.5,16.9,1924,794.7,dienc,WT,FAD185_M4
142,"[TG(55:9),TG(54:2)]_FA18:1",11282023_FAD185_M4_WT_hippo_O3on_01,n-9,605.5,16.9,3010,794.7,hippo,WT,FAD185_M4
143,"[TG(55:9),TG(54:2)]_FA18:1",11282023_FAD189_M3_WT_cereb_O3on_01,n-10,605.5,16.9,609,780.7,cereb,WT,FAD189_M3
144,"[TG(55:9),TG(54:2)]_FA18:1",11282023_FAD189_M3_WT_cereb_O3on_01,n-7,605.5,16.85,1003,822.7,cereb,WT,FAD189_M3
145,"[TG(55:9),TG(54:2)]_FA18:1",11282023_FAD189_M3_WT_cereb_O3on_01,n-9,605.5,16.9,6888,794.7,cereb,WT,FAD189_M3
146,"[TG(55:9),TG(54:2)]_FA18:1",11282023_FAD189_M3_WT_cortex_O3on_01,n-7,605.5,16.76,842,822.7,cortex,WT,FAD189_M3
147,"[TG(55:9),TG(54:2)]_FA18:1",11282023_FAD189_M3_WT_cortex_O3on_01,n-9,605.5,16.85,9039,794.7,cortex,WT,FAD189_M3
148,"[TG(55:9),TG(54:2)]_FA18:1",11282023_FAD189_M3_WT_dienc_O3on_01,n-7,605.5,16.8,940,822.7,dienc,WT,FAD189_M3
149,"[TG(55:9),TG(54:2)]_FA18:1",11282023_FAD189_M3_WT_dienc_O3on_01,n-9,605.5,16.85,5813,794.7,dienc,WT,FAD189_M3
150,"[TG(55:9),TG(54:2)]_FA18:1",11282023_FAD189_M3_WT_hippo_O3on_01,n-9,605.5,16.9,1576,794.7,hippo,WT,FAD189_M3
151,"[TG(56:7),TG(55:0)]_FA18:1",11282023_FAD189_M3_WT_dienc_O3on_01,n-9,623.6,13.16,657,812.8,dienc,WT,FAD189_M3
152,"[TG(57:10),TG(56:3)]_FA18:1",11282023_DOD94_F3_WT_dienc_O3on_01,n-9,631.5,16.76,663,820.7,dienc,WT,DOD94_F3
153,"[TG(57:10),TG(56:3)]_FA18:1",11282023_FAD184_F3_WT_cortex_O3on_01,n-9,631.5,16.71,1040,820.7,cortex,WT,FAD184_F3
154,"[TG(57:10),TG(56:3)]_FA18:1",11282023_FAD184_F3_WT_hippo_O3on_01,n-9,631.5,16.67,693,820.7,hippo,WT,FAD184_F3
155,"[TG(57:10),TG(56:3)]_FA18:1",11282023_FAD185_M4_WT_cereb_O3on_01,n-9,631.5,16.67,9876,820.7,cereb,WT,FAD185_M4
156,"[TG(57:10),TG(56:3)]_FA18:1",11282023_FAD185_M4_WT_cortex_O3on_01,n-9,631.5,16.67,1097,820.7,cortex,WT,FAD185_M4
157,"[TG(57:10),TG(56:3)]_FA18:1",11282023_FAD189_M3_WT_cereb_O3on_01,n-9,631.5,16.67,581,820.7,cereb,WT,FAD189_M3
158,"[TG(57:10),TG(56:3)]_FA18:1",11282023_FAD189_M3_WT_cortex_O3on_01,n-9,631.5,16.67,1140,820.7,cortex,WT,FAD189_M3
159,"[TG(57:10),TG(56:3)]_FA18:1",11282023_FAD189_M3_WT_dienc_O3on_01,n-9,631.5,16.71,767,820.7,dienc,WT,FAD189_M3
160,"[TG(57:11),TG(56:4)]_FA18:1",11282023_FAD184_F3_WT_cortex_O3on_01,n-9,629.5,15.56,566,818.7,cortex,WT,FAD184_F3
161,"[TG(57:11),TG(56:4)]_FA18:1",11282023_FAD185_M4_WT_cereb_O3on_01,n-7,629.5,15.51,674,846.7,cereb,WT,FAD185_M4
162,"[TG(57:11),TG(56:4)]_FA18:1",11282023_FAD185_M4_WT_cereb_O3on_01,n-9,629.5,15.56,5517,818.7,cereb,WT,FAD185_M4
163,"[TG(57:11),TG(56:4)]_FA18:1",11282023_FAD189_M3_WT_cereb_O3on_01,n-9,629.5,15.56,584,818.7,cereb,WT,FAD189_M3
164,"[TG(57:11),TG(56:4)]_FA18:1",11282023_FAD189_M3_WT_cortex_O3on_01,n-9,629.5,15.56,1377,818.7,cortex,WT,FAD189_M3
165,"[TG(57:11),TG(56:4)]_FA18:1",11282023_FAD189_M3_WT_dienc_O3on_01,n-9,629.5,15.56,550,818.7,dienc,WT,FAD189_M3
166,"[TG(57:9),TG(56:2)]_FA18:1",11282023_DOD94_F3_WT_cortex_O3on_01,n-9,633.6,17.91,679,822.8,cortex,WT,DOD94_F3
167,"[TG(57:9),TG(56:2)]_FA18:1",11282023_DOD94_F3_WT_dienc_O3on_01,n-9,633.6,18.04,524,822.8,dienc,WT,DOD94_F3
168,"[TG(57:9),TG(56:2)]_FA18:1",11282023_DOD94_F3_WT_hippo_O3on_01,n-9,633.6,18.04,732,822.8,hippo,WT,DOD94_F3
169,"[TG(57:9),TG(56:2)]_FA18:1",11282023_FAD184_F3_WT_cortex_O3on_01,n-9,633.6,17.91,511,822.8,cortex,WT,FAD184_F3
170,"[TG(57:9),TG(56:2)]_FA18:1",11282023_FAD184_F3_WT_hippo_O3on_01,n-9,633.6,17.91,620,822.8,hippo,WT,FAD184_F3
171,"[TG(57:9),TG(56:2)]_FA18:1",11282023_FAD184_F4_WT_cereb_O3on_01,n-9,633.6,17.91,549,822.8,cereb,WT,FAD184_F4
172,"[TG(57:9),TG(56:2)]_FA18:1",11282023_FAD185_M4_WT_cereb_O3on_01,n-9,633.6,17.91,2292,822.8,cereb,WT,FAD185_M4
173,"[TG(57:9),TG(56:2)]_FA18:1",11282023_FAD189_M3_WT_dienc_O3on_01,n-9,633.6,17.96,996,822.8,dienc,WT,FAD189_M3
0,[TG(50:3)]_FA18:1,11292023_DOD93_F4_5xFAD_cortex_O3on_01,n-9,547.5,13.8,967,736.7,cortex,5xFAD,DOD93_F4
1,[TG(50:3)]_FA18:1,11292023_DOD93_F4_5xFAD_dienc_O3on_01,n-9,547.5,13.54,654,736.7,dienc,5xFAD,DOD93_F4
2,[TG(50:3)]_FA18:1,11292023_DOD93_F4_5xFAD_hippo_O3on_01,n-9,547.5,13.8,679,736.7,hippo,5xFAD,DOD93_F4
3,[TG(50:3)]_FA18:1,11292023_DOD94_F4_5xFAD_cereb_O3on_01,n-9,547.5,13.58,1585,736.7,cereb,5xFAD,DOD94_F4
4,[TG(50:3)]_FA18:1,11292023_DOD94_F4_5xFAD_cortex_O3on_01,n-9,547.5,13.58,1122,736.7,cortex,5xFAD,DOD94_F4
5,[TG(50:3)]_FA18:1,11292023_DOD94_F4_5xFAD_dienc_O3on_01,n-9,547.5,13.76,505,736.7,dienc,5xFAD,DOD94_F4
6,[TG(50:3)]_FA18:1,11292023_FAD185_M1_5xFAD_cortex_O3on_01,n-9,547.5,13.58,851,736.7,cortex,5xFAD,FAD185_M1
7,[TG(50:3)]_FA18:1,11292023_FAD185_M1_5xFAD_dienc_O3on_01,n-9,547.5,13.58,676,736.7,dienc,5xFAD,FAD185_M1
8,[TG(50:3)]_FA18:1,11292023_FAD185_M1_5xFAD_hippo_O3on_01,n-9,547.5,13.76,717,736.7,hippo,5xFAD,FAD185_M1
9,[TG(50:3)]_FA18:1,11292023_FAD185_M3_5xFAD_cereb_O3on_01,n-9,547.5,13.54,773,736.7,cereb,5xFAD,FAD185_M3
10,[TG(50:3)]_FA18:1,11292023_FAD189_M1_5xFAD_cereb_O3on_01,n-9,547.5,13.67,3350,736.7,cereb,5xFAD,FAD189_M1
11,[TG(50:3)]_FA18:1,11292023_FAD189_M1_5xFAD_cortex_O3on_01,n-9,547.5,13.63,4647,736.7,cortex,5xFAD,FAD189_M1
12,[TG(50:3)]_FA18:1,11292023_FAD189_M1_5xFAD_dienc_O3on_01,n-9,547.5,13.63,1179,736.7,dienc,5xFAD,FAD189_M1
13,[TG(50:3)]_FA18:1,11292023_FAD189_M1_5xFAD_hippo_O3on_01,n-9,547.5,13.85,539,736.7,hippo,5xFAD,FAD189_M1
14,[TG(50:3)]_FA18:1,11292023_FAD189_M2_5xFAD_cereb_O3on_01,n-9,547.5,13.63,530,736.7,cereb,5xFAD,FAD189_M2
15,[TG(50:3)]_FA18:1,11292023_FAD189_M2_5xFAD_dienc_O3on_01,n-9,547.5,13.72,689,736.7,dienc,5xFAD,FAD189_M2
16,[TG(52:5)]_FA16:1,11292023_DOD93_F4_5xFAD_dienc_O3on_01,n-7,599.5,12.24,586,788.7,dienc,5xFAD,DOD93_F4
17,[TG(52:5)]_FA16:1,11292023_DOD94_F4_5xFAD_cereb_O3on_01,n-7,599.5,12.24,1418,788.7,cereb,5xFAD,DOD94_F4
18,[TG(52:5)]_FA16:1,11292023_DOD94_F4_5xFAD_cortex_O3on_01,n-7,599.5,12.24,931,788.7,cortex,5xFAD,DOD94_F4
19,[TG(52:5)]_FA16:1,11292023_FAD185_M1_5xFAD_cereb_O3on_01,n-7,599.5,12.24,1340,788.7,cereb,5xFAD,FAD185_M1
20,[TG(52:5)]_FA16:1,11292023_FAD185_M1_5xFAD_cortex_O3on_01,n-7,599.5,12.28,2509,788.7,cortex,5xFAD,FAD185_M1
21,[TG(52:5)]_FA16:1,11292023_FAD185_M1_5xFAD_dienc_O3on_01,n-7,599.5,12.24,906,788.7,dienc,5xFAD,FAD185_M1
22,[TG(52:5)]_FA16:1,11292023_FAD185_M1_5xFAD_hippo_O3on_01,n-7,599.5,12.33,603,788.7,hippo,5xFAD,FAD185_M1
23,[TG(52:5)]_FA16:1,11292023_FAD185_M3_5xFAD_cereb_O3on_01,n-7,599.5,12.24,1314,788.7,cereb,5xFAD,FAD185_M3
24,[TG(52:5)]_FA16:1,11292023_FAD189_M1_5xFAD_cereb_O3on_01,n-7,599.5,12.28,27260,788.7,cereb,5xFAD,FAD189_M1
25,[TG(52:5)]_FA16:1,11292023_FAD189_M1_5xFAD_cereb_O3on_01,n-9,599.5,12.42,1812,760.7,cereb,5xFAD,FAD189_M1
26,[TG(52:5)]_FA16:1,11292023_FAD189_M1_5xFAD_cortex_O3on_01,n-7,599.5,12.28,30704,788.7,cortex,5xFAD,FAD189_M1
27,[TG(52:5)]_FA16:1,11292023_FAD189_M1_5xFAD_cortex_O3on_01,n-9,599.5,12.33,2195,760.7,cortex,5xFAD,FAD189_M1
28,[TG(52:5)]_FA16:1,11292023_FAD189_M1_5xFAD_dienc_O3on_01,n-7,599.5,12.33,5355,788.7,dienc,5xFAD,FAD189_M1
29,[TG(52:5)]_FA16:1,11292023_FAD189_M1_5xFAD_dienc_O3on_01,n-9,599.5,12.38,640,760.7,dienc,5xFAD,FAD189_M1
30,[TG(52:5)]_FA16:1,11292023_FAD189_M1_5xFAD_hippo_O3on_01,n-7,599.5,12.33,934,788.7,hippo,5xFAD,FAD189_M1
31,[TG(52:5)]_FA16:1,11292023_FAD189_M2_5xFAD_cereb_O3on_01,n-7,599.5,12.24,742,788.7,cereb,5xFAD,FAD189_M2
32,[TG(54:5)]_FA18:1,11292023_DOD93_F4_5xFAD_cereb_O3on_01,n-9,599.5,13.48,967,788.7,cereb,5xFAD,DOD93_F4
33,[TG(54:5)]_FA18:1,11292023_DOD93_F4_5xFAD_cortex_O3on_01,n-9,599.5,13.53,1047,788.7,cortex,5xFAD,DOD93_F4
34,[TG(54:5)]_FA18:1,11292023_DOD93_F4_5xFAD_dienc_O3on_01,n-9,599.5,13.48,1571,788.7,dienc,5xFAD,DOD93_F4
35,[TG(54:5)]_FA18:1,11292023_DOD94_F4_5xFAD_cereb_O3on_01,n-9,599.5,13.48,3508,788.7,cereb,5xFAD,DOD94_F4
36,[TG(54:5)]_FA18:1,11292023_DOD94_F4_5xFAD_cortex_O3on_01,n-9,599.5,13.48,1140,788.7,cortex,5xFAD,DOD94_F4
37,[TG(54:5)]_FA18:1,11292023_DOD94_F4_5xFAD_dienc_O3on_01,n-9,599.5,13.66,640,788.7,dienc,5xFAD,DOD94_F4
38,[TG(54:5)]_FA18:1,11292023_DOD94_F4_5xFAD_hippo_O3on_01,n-9,599.5,13.57,623,788.7,hippo,5xFAD,DOD94_F4
39,[TG(54:5)]_FA18:1,11292023_FAD185_M1_5xFAD_cereb_O3on_01,n-9,599.5,13.48,1967,788.7,cereb,5xFAD,FAD185_M1
40,[TG(54:5)]_FA18:1,11292023_FAD185_M1_5xFAD_cortex_O3on_01,n-9,599.5,13.48,4133,788.7,cortex,5xFAD,FAD185_M1
41,[TG(54:5)]_FA18:1,11292023_FAD185_M1_5xFAD_dienc_O3on_01,n-9,599.5,13.48,2224,788.7,dienc,5xFAD,FAD185_M1
42,[TG(54:5)]_FA18:1,11292023_FAD185_M1_5xFAD_hippo_O3on_01,n-9,599.5,13.48,920,788.7,hippo,5xFAD,FAD185_M1
43,[TG(54:5)]_FA18:1,11292023_FAD185_M3_5xFAD_cereb_O3on_01,n-9,599.5,13.48,877,788.7,cereb,5xFAD,FAD185_M3
44,[TG(54:5)]_FA18:1,11292023_FAD185_M3_5xFAD_dienc_O3on_01,n-9,599.5,13.48,806,788.7,dienc,5xFAD,FAD185_M3
45,[TG(54:5)]_FA18:1,11292023_FAD189_M1_5xFAD_cereb_O3on_01,n-7,599.5,13.47,1746,816.7,cereb,5xFAD,FAD189_M1
46,[TG(54:5)]_FA18:1,11292023_FAD189_M1_5xFAD_cereb_O3on_01,n-9,599.5,13.53,24908,788.7,cereb,5xFAD,FAD189_M1
47,[TG(54:5)]_FA18:1,11292023_FAD189_M1_5xFAD_cortex_O3on_01,n-7,599.5,13.47,1563,816.7,cortex,5xFAD,FAD189_M1
48,[TG(54:5)]_FA18:1,11292023_FAD189_M1_5xFAD_cortex_O3on_01,n-9,599.5,13.52,25526,788.7,cortex,5xFAD,FAD189_M1
49,[TG(54:5)]_FA18:1,11292023_FAD189_M1_5xFAD_dienc_O3on_01,n-7,599.5,13.47,761,816.7,dienc,5xFAD,FAD189_M1
50,[TG(54:5)]_FA18:1,11292023_FAD189_M1_5xFAD_dienc_O3on_01,n-9,599.5,13.53,5131,788.7,dienc,5xFAD,FAD189_M1
51,[TG(54:5)]_FA18:1,11292023_FAD189_M1_5xFAD_hippo_O3on_01,n-9,599.5,13.53,1241,788.7,hippo,5xFAD,FAD189_M1
52,[TG(54:5)]_FA18:1,11292023_FAD189_M2_5xFAD_cereb_O3on_01,n-9,599.5,13.48,1097,788.7,cereb,5xFAD,FAD189_M2
53,[TG(54:6)]_FA18:1,11292023_FAD189_M1_5xFAD_cereb_O3on_01,n-9,597.5,12.46,3179,786.7,cereb,5xFAD,FAD189_M1
54,[TG(54:6)]_FA18:1,11292023_FAD189_M1_5xFAD_cortex_O3on_01,n-9,597.5,12.46,2368,786.7,cortex,5xFAD,FAD189_M1
55,"[TG(55:10),TG(54:3)]_FA18:1",11292023_DOD93_F4_5xFAD_cereb_O3on_01,n-9,603.5,15.88,9306,792.7,cereb,5xFAD,DOD93_F4
56,"[TG(55:10),TG(54:3)]_FA18:1",11292023_DOD93_F4_5xFAD_cortex_O3on_01,n-9,603.5,15.88,8602,792.7,cortex,5xFAD,DOD93_F4
57,"[TG(55:10),TG(54:3)]_FA18:1",11292023_DOD93_F4_5xFAD_dienc_O3on_01,n-7,603.5,15.82,1197,820.7,dienc,5xFAD,DOD93_F4
58,"[TG(55:10),TG(54:3)]_FA18:1",11292023_DOD93_F4_5xFAD_dienc_O3on_01,n-9,603.5,15.83,10458,792.7,dienc,5xFAD,DOD93_F4
59,"[TG(55:10),TG(54:3)]_FA18:1",11292023_DOD93_F4_5xFAD_hippo_O3on_01,n-9,603.5,15.88,8914,792.7,hippo,5xFAD,DOD93_F4
60,"[TG(55:10),TG(54:3)]_FA18:1",11292023_DOD94_F4_5xFAD_cereb_O3on_01,n-9,603.5,15.83,13394,792.7,cereb,5xFAD,DOD94_F4
61,"[TG(55:10),TG(54:3)]_FA18:1",11292023_DOD94_F4_5xFAD_cortex_O3on_01,n-9,603.5,15.88,10862,792.7,cortex,5xFAD,DOD94_F4
62,"[TG(55:10),TG(54:3)]_FA18:1",11292023_DOD94_F4_5xFAD_dienc_O3on_01,n-9,603.5,15.88,7253,792.7,dienc,5xFAD,DOD94_F4
63,"[TG(55:10),TG(54:3)]_FA18:1",11292023_DOD94_F4_5xFAD_hippo_O3on_01,n-9,603.5,15.97,7821,792.7,hippo,5xFAD,DOD94_F4
64,"[TG(55:10),TG(54:3)]_FA18:1",11292023_FAD185_M1_5xFAD_cereb_O3on_01,n-9,603.5,15.83,7610,792.7,cereb,5xFAD,FAD185_M1
65,"[TG(55:10),TG(54:3)]_FA18:1",11292023_FAD185_M1_5xFAD_cortex_O3on_01,n-9,603.5,15.83,10892,792.7,cortex,5xFAD,FAD185_M1
66,"[TG(55:10),TG(54:3)]_FA18:1",11292023_FAD185_M1_5xFAD_dienc_O3on_01,n-9,603.5,15.83,9956,792.7,dienc,5xFAD,FAD185_M1
67,"[TG(55:10),TG(54:3)]_FA18:1",11292023_FAD185_M1_5xFAD_hippo_O3on_01,n-9,603.5,15.83,8270,792.7,hippo,5xFAD,FAD185_M1
68,"[TG(55:10),TG(54:3)]_FA18:1",11292023_FAD185_M3_5xFAD_cereb_O3on_01,n-9,603.5,15.83,4918,792.7,cereb,5xFAD,FAD185_M3
69,"[TG(55:10),TG(54:3)]_FA18:1",11292023_FAD185_M3_5xFAD_dienc_O3on_01,n-9,603.5,15.88,3309,792.7,dienc,5xFAD,FAD185_M3
70,"[TG(55:10),TG(54:3)]_FA18:1",11292023_FAD185_M3_5xFAD_hippo_O3on_01,n-9,603.5,15.83,2921,792.7,hippo,5xFAD,FAD185_M3
71,"[TG(55:10),TG(54:3)]_FA18:1",11292023_FAD189_M1_5xFAD_cereb_O3on_01,n-7,603.5,15.82,1292,820.7,cereb,5xFAD,FAD189_M1
72,"[TG(55:10),TG(54:3)]_FA18:1",11292023_FAD189_M1_5xFAD_cereb_O3on_01,n-9,603.5,15.88,38887,792.7,cereb,5xFAD,FAD189_M1
73,"[TG(55:10),TG(54:3)]_FA18:1",11292023_FAD189_M1_5xFAD_cortex_O3on_01,n-7,603.5,15.82,1631,820.7,cortex,5xFAD,FAD189_M1
74,"[TG(55:10),TG(54:3)]_FA18:1",11292023_FAD189_M1_5xFAD_cortex_O3on_01,n-9,603.5,15.83,41162,792.7,cortex,5xFAD,FAD189_M1
75,"[TG(55:10),TG(54:3)]_FA18:1",11292023_FAD189_M1_5xFAD_dienc_O3on_01,n-9,603.5,15.92,8434,792.7,dienc,5xFAD,FAD189_M1
76,"[TG(55:10),TG(54:3)]_FA18:1",11292023_FAD189_M1_5xFAD_hippo_O3on_01,n-9,603.5,15.92,6433,792.7,hippo,5xFAD,FAD189_M1
77,"[TG(55:10),TG(54:3)]_FA18:1",11292023_FAD189_M2_5xFAD_cereb_O3on_01,n-9,603.5,15.83,3287,792.7,cereb,5xFAD,FAD189_M2
78,"[TG(55:10),TG(54:3)]_FA18:1",11292023_FAD189_M2_5xFAD_cortex_O3on_01,n-9,603.5,15.83,1895,792.7,cortex,5xFAD,FAD189_M2
79,"[TG(55:10),TG(54:3)]_FA18:1",11292023_FAD189_M2_5xFAD_dienc_O3on_01,n-9,603.5,15.83,2100,792.7,dienc,5xFAD,FAD189_M2
80,"[TG(55:10),TG(54:3)]_FA18:1",11292023_FAD189_M2_5xFAD_hippo_O3on_01,n-9,603.5,15.83,1493,792.7,hippo,5xFAD,FAD189_M2
81,"[TG(55:11),TG(54:4)]_FA18:1",11292023_DOD93_F4_5xFAD_cereb_O3on_01,n-9,601.5,14.68,1289,790.7,cereb,5xFAD,DOD93_F4
82,"[TG(55:11),TG(54:4)]_FA18:1",11292023_DOD93_F4_5xFAD_cortex_O3on_01,n-9,601.5,14.68,3545,790.7,cortex,5xFAD,DOD93_F4
83,"[TG(55:11),TG(54:4)]_FA18:1",11292023_DOD93_F4_5xFAD_dienc_O3on_01,n-9,601.5,14.68,3450,790.7,dienc,5xFAD,DOD93_F4
84,"[TG(55:11),TG(54:4)]_FA18:1",11292023_DOD93_F4_5xFAD_hippo_O3on_01,n-9,601.5,15.03,1359,790.7,hippo,5xFAD,DOD93_F4
85,"[TG(55:11),TG(54:4)]_FA18:1",11292023_DOD94_F4_5xFAD_cereb_O3on_01,n-7,601.5,14.67,940,818.7,cereb,5xFAD,DOD94_F4
86,"[TG(55:11),TG(54:4)]_FA18:1",11292023_DOD94_F4_5xFAD_cereb_O3on_01,n-9,601.5,14.68,10918,790.7,cereb,5xFAD,DOD94_F4
87,"[TG(55:11),TG(54:4)]_FA18:1",11292023_DOD94_F4_5xFAD_cortex_O3on_01,n-9,601.5,14.68,4384,790.7,cortex,5xFAD,DOD94_F4
88,"[TG(55:11),TG(54:4)]_FA18:1",11292023_DOD94_F4_5xFAD_dienc_O3on_01,n-9,601.5,14.68,1830,790.7,dienc,5xFAD,DOD94_F4
89,"[TG(55:11),TG(54:4)]_FA18:1",11292023_DOD94_F4_5xFAD_hippo_O3on_01,n-9,601.5,14.77,1717,790.7,hippo,5xFAD,DOD94_F4
90,"[TG(55:11),TG(54:4)]_FA18:1",11292023_FAD185_M1_5xFAD_cereb_O3on_01,n-9,601.5,14.68,4072,790.7,cereb,5xFAD,FAD185_M1
91,"[TG(55:11),TG(54:4)]_FA18:1",11292023_FAD185_M1_5xFAD_cortex_O3on_01,n-9,601.5,14.68,6715,790.7,cortex,5xFAD,FAD185_M1
92,"[TG(55:11),TG(54:4)]_FA18:1",11292023_FAD185_M1_5xFAD_dienc_O3on_01,n-9,601.5,14.68,3355,790.7,dienc,5xFAD,FAD185_M1
93,"[TG(55:11),TG(54:4)]_FA18:1",11292023_FAD185_M1_5xFAD_hippo_O3on_01,n-9,601.5,14.68,2489,790.7,hippo,5xFAD,FAD185_M1
94,"[TG(55:11),TG(54:4)]_FA18:1",11292023_FAD185_M3_5xFAD_cereb_O3on_01,n-9,601.5,14.68,2905,790.7,cereb,5xFAD,FAD185_M3
95,"[TG(55:11),TG(54:4)]_FA18:1",11292023_FAD185_M3_5xFAD_dienc_O3on_01,n-9,601.5,14.68,2038,790.7,dienc,5xFAD,FAD185_M3
96,"[TG(55:11),TG(54:4)]_FA18:1",11292023_FAD189_M1_5xFAD_cereb_O3on_01,n-7,601.5,14.67,4105,818.7,cereb,5xFAD,FAD189_M1
97,"[TG(55:11),TG(54:4)]_FA18:1",11292023_FAD189_M1_5xFAD_cereb_O3on_01,n-9,601.5,14.72,48676,790.7,cereb,5xFAD,FAD189_M1
98,"[TG(55:11),TG(54:4)]_FA18:1",11292023_FAD189_M1_5xFAD_cortex_O3on_01,n-7,601.5,14.72,2442,818.7,cortex,5xFAD,FAD189_M1
99,"[TG(55:11),TG(54:4)]_FA18:1",11292023_FAD189_M1_5xFAD_cortex_O3on_01,n-9,601.5,14.68,56147,790.7,cortex,5xFAD,FAD189_M1
100,"[TG(55:11),TG(54:4)]_FA18:1",11292023_FAD189_M1_5xFAD_dienc_O3on_01,n-7,601.5,14.67,674,818.7,dienc,5xFAD,FAD189_M1
101,"[TG(55:11),TG(54:4)]_FA18:1",11292023_FAD189_M1_5xFAD_dienc_O3on_01,n-9,601.5,14.72,8886,790.7,dienc,5xFAD,FAD189_M1
102,"[TG(55:11),TG(54:4)]_FA18:1",11292023_FAD189_M1_5xFAD_hippo_O3on_01,n-9,601.5,14.68,2586,790.7,hippo,5xFAD,FAD189_M1
103,"[TG(55:11),TG(54:4)]_FA18:1",11292023_FAD189_M2_5xFAD_cereb_O3on_01,n-9,601.5,14.68,938,790.7,cereb,5xFAD,FAD189_M2
104,"[TG(55:8),TG(54:1)]_FA18:1",11292023_DOD93_F4_5xFAD_dienc_O3on_01,n-9,607.5,17.03,820,796.7,dienc,5xFAD,DOD93_F4
105,"[TG(55:8),TG(54:1)]_FA18:1",11292023_DOD94_F4_5xFAD_cereb_O3on_01,n-9,607.5,17.12,570,796.7,cereb,5xFAD,DOD94_F4
106,"[TG(55:9),TG(54:2)]_FA18:1",11292023_DOD93_F4_5xFAD_cereb_O3on_01,n-9,605.5,17.08,2329,794.7,cereb,5xFAD,DOD93_F4
107,"[TG(55:9),TG(54:2)]_FA18:1",11292023_DOD93_F4_5xFAD_cortex_O3on_01,n-9,605.5,17.12,2027,794.7,cortex,5xFAD,DOD93_F4
108,"[TG(55:9),TG(54:2)]_FA18:1",11292023_DOD93_F4_5xFAD_dienc_O3on_01,n-9,605.5,17.03,2860,794.7,dienc,5xFAD,DOD93_F4
109,"[TG(55:9),TG(54:2)]_FA18:1",11292023_DOD93_F4_5xFAD_hippo_O3on_01,n-9,605.5,17.12,1901,794.7,hippo,5xFAD,DOD93_F4
110,"[TG(55:9),TG(54:2)]_FA18:1",11292023_DOD94_F4_5xFAD_cereb_O3on_01,n-9,605.5,17.03,4075,794.7,cereb,5xFAD,DOD94_F4
111,"[TG(55:9),TG(54:2)]_FA18:1",11292023_DOD94_F4_5xFAD_cortex_O3on_01,n-9,605.5,17.03,3034,794.7,cortex,5xFAD,DOD94_F4
112,"[TG(55:9),TG(54:2)]_FA18:1",11292023_DOD94_F4_5xFAD_dienc_O3on_01,n-9,605.5,17.03,2548,794.7,dienc,5xFAD,DOD94_F4
113,"[TG(55:9),TG(54:2)]_FA18:1",11292023_DOD94_F4_5xFAD_hippo_O3on_01,n-9,605.5,17.12,2445,794.7,hippo,5xFAD,DOD94_F4
114,"[TG(55:9),TG(54:2)]_FA18:1",11292023_FAD185_M1_5xFAD_cereb_O3on_01,n-9,605.5,17.12,1402,794.7,cereb,5xFAD,FAD185_M1
115,"[TG(55:9),TG(54:2)]_FA18:1",11292023_FAD185_M1_5xFAD_cortex_O3on_01,n-9,605.5,17.03,1610,794.7,cortex,5xFAD,FAD185_M1
116,"[TG(55:9),TG(54:2)]_FA18:1",11292023_FAD185_M1_5xFAD_dienc_O3on_01,n-9,605.5,17.03,1652,794.7,dienc,5xFAD,FAD185_M1
117,"[TG(55:9),TG(54:2)]_FA18:1",11292023_FAD185_M1_5xFAD_hippo_O3on_01,n-9,605.5,17.08,2765,794.7,hippo,5xFAD,FAD185_M1
118,"[TG(55:9),TG(54:2)]_FA18:1",11292023_FAD185_M3_5xFAD_cereb_O3on_01,n-9,605.5,17.03,657,794.7,cereb,5xFAD,FAD185_M3
119,"[TG(55:9),TG(54:2)]_FA18:1",11292023_FAD185_M3_5xFAD_dienc_O3on_01,n-9,605.5,17.25,669,794.7,dienc,5xFAD,FAD185_M3
120,"[TG(55:9),TG(54:2)]_FA18:1",11292023_FAD185_M3_5xFAD_hippo_O3on_01,n-9,605.5,17.21,501,794.7,hippo,5xFAD,FAD185_M3
121,"[TG(55:9),TG(54:2)]_FA18:1",11292023_FAD189_M1_5xFAD_cereb_O3on_01,n-9,605.5,17.08,2387,794.7,cereb,5xFAD,FAD189_M1
122,"[TG(55:9),TG(54:2)]_FA18:1",11292023_FAD189_M1_5xFAD_cortex_O3on_01,n-9,605.5,17.08,4080,794.7,cortex,5xFAD,FAD189_M1
123,"[TG(55:9),TG(54:2)]_FA18:1",11292023_FAD189_M1_5xFAD_dienc_O3on_01,n-9,605.5,17.16,1402,794.7,dienc,5xFAD,FAD189_M1
124,"[TG(55:9),TG(54:2)]_FA18:1",11292023_FAD189_M1_5xFAD_hippo_O3on_01,n-9,605.5,17.21,1836,794.7,hippo,5xFAD,FAD189_M1
125,"[TG(55:9),TG(54:2)]_FA18:1",11292023_FAD189_M2_5xFAD_cereb_O3on_01,n-9,605.5,17.03,813,794.7,cereb,5xFAD,FAD189_M2
126,"[TG(55:9),TG(54:2)]_FA18:1",11292023_FAD189_M2_5xFAD_cortex_O3on_01,n-9,605.5,17.08,561,794.7,cortex,5xFAD,FAD189_M2
127,"[TG(55:9),TG(54:2)]_FA18:1",11292023_FAD189_M2_5xFAD_dienc_O3on_01,n-9,605.5,17.03,530,794.7,dienc,5xFAD,FAD189_M2
128,"[TG(56:7),TG(55:0)]_FA18:1",11292023_FAD189_M1_5xFAD_cereb_O3on_01,n-9,623.6,13.43,579,812.8,cereb,5xFAD,FAD189_M1
129,"[TG(57:11),TG(56:4)]_FA18:1",11292023_FAD189_M1_5xFAD_cereb_O3on_01,n-9,629.5,15.83,1635,818.7,cereb,5xFAD,FAD189_M1
130,"[TG(57:11),TG(56:4)]_FA18:1",11292023_FAD189_M1_5xFAD_cortex_O3on_01,n-9,629.5,15.83,2394,818.7,cortex,5xFAD,FAD189_M1
131,"[TG(57:9),TG(56:2)]_FA18:1",11292023_DOD93_F4_5xFAD_dienc_O3on_01,n-9,633.6,18.04,532,822.8,dienc,5xFAD,DOD93_F4
132,"[TG(57:9),TG(56:2)]_FA18:1",11292023_FAD185_M1_5xFAD_cereb_O3on_01,n-9,633.6,18.09,538,822.8,cereb,5xFAD,FAD185_M1
0,[TG(50:3)]_FA18:1,12012023_DOD73_M2_5xFAD_liver_O3on_01,n-7,547.5,13.89,1214,764.7,liver,5xFAD,DOD73_M2
1,[TG(50:3)]_FA18:1,12012023_DOD73_M2_5xFAD_liver_O3on_01,n-9,547.5,13.94,13197,736.7,liver,5xFAD,DOD73_M2
2,[TG(50:3)]_FA18:1,12012023_FAD131_M1_5xFAD_liver_O3on_01,n-7,547.5,13.93,2417,764.7,liver,5xFAD,FAD131_M1
3,[TG(50:3)]_FA18:1,12012023_FAD131_M1_5xFAD_liver_O3on_01,n-9,547.5,13.98,32075,736.7,liver,5xFAD,FAD131_M1
4,[TG(50:3)]_FA18:1,12012023_FAD131_M2_5xFAD_liver_O3on_01,n-7,547.5,13.93,4463,764.7,liver,5xFAD,FAD131_M2
5,[TG(50:3)]_FA18:1,12012023_FAD131_M2_5xFAD_liver_O3on_01,n-9,547.5,13.98,44610,736.7,liver,5xFAD,FAD131_M2
6,[TG(50:3)]_FA18:1,12012023_FAD131_M4_5xFAD_liver_O3on_01,n-7,547.5,13.89,1084,764.7,liver,5xFAD,FAD131_M4
7,[TG(50:3)]_FA18:1,12012023_FAD131_M4_5xFAD_liver_O3on_01,n-9,547.5,13.98,7339,736.7,liver,5xFAD,FAD131_M4
8,[TG(50:3)]_FA18:1,12012023_FAD173_M1_5xFAD_liver_O3on_01,n-7,547.5,13.89,1142,764.7,liver,5xFAD,FAD173_M1
9,[TG(50:3)]_FA18:1,12012023_FAD173_M1_5xFAD_liver_O3on_01,n-9,547.5,13.94,15215,736.7,liver,5xFAD,FAD173_M1
10,[TG(52:5)]_FA16:1,12012023_DOD73_M2_5xFAD_liver_O3on_01,n-10,599.5,12.83,501,746.6,liver,5xFAD,DOD73_M2
11,[TG(52:5)]_FA16:1,12012023_DOD73_M2_5xFAD_liver_O3on_01,n-7,599.5,12.64,49192,788.7,liver,5xFAD,DOD73_M2
12,[TG(52:5)]_FA16:1,12012023_DOD73_M2_5xFAD_liver_O3on_01,n-9,599.5,12.69,5585,760.7,liver,5xFAD,DOD73_M2
13,[TG(52:5)]_FA16:1,12012023_FAD131_M1_5xFAD_liver_O3on_01,n-7,599.5,12.68,43297,788.7,liver,5xFAD,FAD131_M1
14,[TG(52:5)]_FA16:1,12012023_FAD131_M1_5xFAD_liver_O3on_01,n-9,599.5,12.73,14527,760.7,liver,5xFAD,FAD131_M1
15,[TG(52:5)]_FA16:1,12012023_FAD131_M2_5xFAD_liver_O3on_01,n-7,599.5,12.64,44874,788.7,liver,5xFAD,FAD131_M2
16,[TG(52:5)]_FA16:1,12012023_FAD131_M2_5xFAD_liver_O3on_01,n-9,599.5,12.73,20182,760.7,liver,5xFAD,FAD131_M2
17,[TG(52:5)]_FA16:1,12012023_FAD131_M4_5xFAD_liver_O3on_01,n-10,599.5,12.87,539,746.6,liver,5xFAD,FAD131_M4
18,[TG(52:5)]_FA16:1,12012023_FAD131_M4_5xFAD_liver_O3on_01,n-7,599.5,12.64,31804,788.7,liver,5xFAD,FAD131_M4
19,[TG(52:5)]_FA16:1,12012023_FAD131_M4_5xFAD_liver_O3on_01,n-9,599.5,12.69,6253,760.7,liver,5xFAD,FAD131_M4
20,[TG(52:5)]_FA16:1,12012023_FAD173_M1_5xFAD_liver_O3on_01,n-7,599.5,12.64,50976,788.7,liver,5xFAD,FAD173_M1
21,[TG(52:5)]_FA16:1,12012023_FAD173_M1_5xFAD_liver_O3on_01,n-9,599.5,12.69,16993,760.7,liver,5xFAD,FAD173_M1
22,[TG(52:6)]_FA18:2,12012023_FAD131_M1_5xFAD_liver_O3on_01,n-7,571.5,11.62,629,786.7,liver,5xFAD,FAD131_M1
23,"[TG(52:7),TG(51:0)]_FA18:1",12012023_FAD131_M1_5xFAD_liver_O3on_01,n-9,567.5,17.0,587,756.7,liver,5xFAD,FAD131_M1
24,"[TG(52:7),TG(51:0)]_FA18:1",12012023_FAD131_M2_5xFAD_liver_O3on_01,n-9,567.5,17.0,952,756.7,liver,5xFAD,FAD131_M2
25,[TG(54:5)]_FA18:1,12012023_DOD73_M2_5xFAD_liver_O3on_01,n-7,599.5,13.78,5788,816.7,liver,5xFAD,DOD73_M2
26,[TG(54:5)]_FA18:1,12012023_DOD73_M2_5xFAD_liver_O3on_01,n-9,599.5,13.84,38262,788.7,liver,5xFAD,DOD73_M2
27,[TG(54:5)]_FA18:1,12012023_FAD131_M1_5xFAD_liver_O3on_01,n-7,599.5,13.83,9143,816.7,liver,5xFAD,FAD131_M1
28,[TG(54:5)]_FA18:1,12012023_FAD131_M1_5xFAD_liver_O3on_01,n-9,599.5,13.88,52768,788.7,liver,5xFAD,FAD131_M1
29,[TG(54:5)]_FA18:1,12012023_FAD131_M2_5xFAD_liver_O3on_01,n-10,599.5,13.88,588,774.6,liver,5xFAD,FAD131_M2
30,[TG(54:5)]_FA18:1,12012023_FAD131_M2_5xFAD_liver_O3on_01,n-7,599.5,13.78,12026,816.7,liver,5xFAD,FAD131_M2
31,[TG(54:5)]_FA18:1,12012023_FAD131_M2_5xFAD_liver_O3on_01,n-9,599.5,13.88,58631,788.7,liver,5xFAD,FAD131_M2
32,[TG(54:5)]_FA18:1,12012023_FAD131_M4_5xFAD_liver_O3on_01,n-7,599.5,13.78,5135,816.7,liver,5xFAD,FAD131_M4
33,[TG(54:5)]_FA18:1,12012023_FAD131_M4_5xFAD_liver_O3on_01,n-9,599.5,13.88,30665,788.7,liver,5xFAD,FAD131_M4
34,[TG(54:5)]_FA18:1,12012023_FAD173_M1_5xFAD_liver_O3on_01,n-7,599.5,13.78,8106,816.7,liver,5xFAD,FAD173_M1
35,[TG(54:5)]_FA18:1,12012023_FAD173_M1_5xFAD_liver_O3on_01,n-9,599.5,13.84,45432,788.7,liver,5xFAD,FAD173_M1
36,[TG(54:6)]_FA18:1,12012023_DOD73_M2_5xFAD_liver_O3on_01,n-7,597.5,12.76,597,814.7,liver,5xFAD,DOD73_M2
37,[TG(54:6)]_FA18:1,12012023_DOD73_M2_5xFAD_liver_O3on_01,n-9,597.5,12.77,10734,786.7,liver,5xFAD,DOD73_M2
38,[TG(54:6)]_FA18:1,12012023_FAD131_M1_5xFAD_liver_O3on_01,n-7,597.5,12.72,1291,814.7,liver,5xFAD,FAD131_M1
39,[TG(54:6)]_FA18:1,12012023_FAD131_M1_5xFAD_liver_O3on_01,n-9,597.5,12.82,10041,786.7,liver,5xFAD,FAD131_M1
40,[TG(54:6)]_FA18:1,12012023_FAD131_M2_5xFAD_liver_O3on_01,n-7,597.5,12.76,1439,814.7,liver,5xFAD,FAD131_M2
41,[TG(54:6)]_FA18:1,12012023_FAD131_M2_5xFAD_liver_O3on_01,n-9,597.5,12.77,7895,786.7,liver,5xFAD,FAD131_M2
42,[TG(54:6)]_FA18:1,12012023_FAD131_M4_5xFAD_liver_O3on_01,n-7,597.5,12.67,709,814.7,liver,5xFAD,FAD131_M4
43,[TG(54:6)]_FA18:1,12012023_FAD131_M4_5xFAD_liver_O3on_01,n-9,597.5,12.73,4295,786.7,liver,5xFAD,FAD131_M4
44,[TG(54:6)]_FA18:1,12012023_FAD173_M1_5xFAD_liver_O3on_01,n-7,597.5,12.67,1020,814.7,liver,5xFAD,FAD173_M1
45,[TG(54:6)]_FA18:1,12012023_FAD173_M1_5xFAD_liver_O3on_01,n-9,597.5,12.77,7405,786.7,liver,5xFAD,FAD173_M1
46,"[TG(55:10),TG(54:3)]_FA18:1",12012023_DOD73_M2_5xFAD_liver_O3on_01,n-7,603.5,16.14,16109,820.7,liver,5xFAD,DOD73_M2
47,"[TG(55:10),TG(54:3)]_FA18:1",12012023_DOD73_M2_5xFAD_liver_O3on_01,n-9,603.5,16.19,130171,792.7,liver,5xFAD,DOD73_M2
48,"[TG(55:10),TG(54:3)]_FA18:1",12012023_FAD131_M1_5xFAD_liver_O3on_01,n-10,603.5,16.24,1124,778.6,liver,5xFAD,FAD131_M1
49,"[TG(55:10),TG(54:3)]_FA18:1",12012023_FAD131_M1_5xFAD_liver_O3on_01,n-7,603.5,16.18,43154,820.7,liver,5xFAD,FAD131_M1
50,"[TG(55:10),TG(54:3)]_FA18:1",12012023_FAD131_M1_5xFAD_liver_O3on_01,n-9,603.5,16.23,275678,792.7,liver,5xFAD,FAD131_M1
51,"[TG(55:10),TG(54:3)]_FA18:1",12012023_FAD131_M2_5xFAD_liver_O3on_01,n-10,603.5,16.24,1642,778.6,liver,5xFAD,FAD131_M2
52,"[TG(55:10),TG(54:3)]_FA18:1",12012023_FAD131_M2_5xFAD_liver_O3on_01,n-7,603.5,16.14,75285,820.7,liver,5xFAD,FAD131_M2
53,"[TG(55:10),TG(54:3)]_FA18:1",12012023_FAD131_M2_5xFAD_liver_O3on_01,n-9,603.5,16.19,505075,792.7,liver,5xFAD,FAD131_M2
54,"[TG(55:10),TG(54:3)]_FA18:1",12012023_FAD131_M4_5xFAD_liver_O3on_01,n-10,603.5,16.24,559,778.6,liver,5xFAD,FAD131_M4
55,"[TG(55:10),TG(54:3)]_FA18:1",12012023_FAD131_M4_5xFAD_liver_O3on_01,n-7,603.5,16.14,11964,820.7,liver,5xFAD,FAD131_M4
56,"[TG(55:10),TG(54:3)]_FA18:1",12012023_FAD131_M4_5xFAD_liver_O3on_01,n-9,603.5,16.19,95284,792.7,liver,5xFAD,FAD131_M4
57,"[TG(55:10),TG(54:3)]_FA18:1",12012023_FAD173_M1_5xFAD_liver_O3on_01,n-7,603.5,16.14,17900,820.7,liver,5xFAD,FAD173_M1
58,"[TG(55:10),TG(54:3)]_FA18:1",12012023_FAD173_M1_5xFAD_liver_O3on_01,n-9,603.5,16.19,132593,792.7,liver,5xFAD,FAD173_M1
59,"[TG(55:11),TG(54:4)]_FA16:1",12012023_DOD73_M2_5xFAD_liver_O3on_01,n-7,629.5,14.98,6641,818.7,liver,5xFAD,DOD73_M2
60,"[TG(55:11),TG(54:4)]_FA16:1",12012023_FAD131_M1_5xFAD_liver_O3on_01,n-7,629.5,14.94,12478,818.7,liver,5xFAD,FAD131_M1
61,"[TG(55:11),TG(54:4)]_FA16:1",12012023_FAD131_M1_5xFAD_liver_O3on_01,n-9,629.5,15.12,1752,790.7,liver,5xFAD,FAD131_M1
62,"[TG(55:11),TG(54:4)]_FA16:1",12012023_FAD131_M2_5xFAD_liver_O3on_01,n-7,629.5,14.94,10225,818.7,liver,5xFAD,FAD131_M2
63,"[TG(55:11),TG(54:4)]_FA16:1",12012023_FAD131_M2_5xFAD_liver_O3on_01,n-9,629.5,15.08,2796,790.7,liver,5xFAD,FAD131_M2
64,"[TG(55:11),TG(54:4)]_FA16:1",12012023_FAD131_M4_5xFAD_liver_O3on_01,n-7,629.5,14.94,4048,818.7,liver,5xFAD,FAD131_M4
65,"[TG(55:11),TG(54:4)]_FA16:1",12012023_FAD173_M1_5xFAD_liver_O3on_01,n-7,629.5,14.94,9752,818.7,liver,5xFAD,FAD173_M1
66,"[TG(55:11),TG(54:4)]_FA18:1",12012023_DOD73_M2_5xFAD_liver_O3on_01,n-7,601.5,14.98,19768,818.7,liver,5xFAD,DOD73_M2
67,"[TG(55:11),TG(54:4)]_FA18:1",12012023_DOD73_M2_5xFAD_liver_O3on_01,n-9,601.5,15.03,117046,790.7,liver,5xFAD,DOD73_M2
68,"[TG(55:11),TG(54:4)]_FA18:1",12012023_FAD131_M1_5xFAD_liver_O3on_01,n-10,601.5,15.08,1045,776.6,liver,5xFAD,FAD131_M1
69,"[TG(55:11),TG(54:4)]_FA18:1",12012023_FAD131_M1_5xFAD_liver_O3on_01,n-7,601.5,14.98,44031,818.7,liver,5xFAD,FAD131_M1
70,"[TG(55:11),TG(54:4)]_FA18:1",12012023_FAD131_M1_5xFAD_liver_O3on_01,n-9,601.5,15.08,222834,790.7,liver,5xFAD,FAD131_M1
71,"[TG(55:11),TG(54:4)]_FA18:1",12012023_FAD131_M2_5xFAD_liver_O3on_01,n-10,601.5,15.08,2074,776.6,liver,5xFAD,FAD131_M2
72,"[TG(55:11),TG(54:4)]_FA18:1",12012023_FAD131_M2_5xFAD_liver_O3on_01,n-7,601.5,14.98,57289,818.7,liver,5xFAD,FAD131_M2
73,"[TG(55:11),TG(54:4)]_FA18:1",12012023_FAD131_M2_5xFAD_liver_O3on_01,n-9,601.5,15.03,344147,790.7,liver,5xFAD,FAD131_M2
74,"[TG(55:11),TG(54:4)]_FA18:1",12012023_FAD131_M4_5xFAD_liver_O3on_01,n-7,601.5,14.98,18153,818.7,liver,5xFAD,FAD131_M4
75,"[TG(55:11),TG(54:4)]_FA18:1",12012023_FAD131_M4_5xFAD_liver_O3on_01,n-9,601.5,15.03,88763,790.7,liver,5xFAD,FAD131_M4
76,"[TG(55:11),TG(54:4)]_FA18:1",12012023_FAD173_M1_5xFAD_liver_O3on_01,n-7,601.5,14.98,24578,818.7,liver,5xFAD,FAD173_M1
77,"[TG(55:11),TG(54:4)]_FA18:1",12012023_FAD173_M1_5xFAD_liver_O3on_01,n-9,601.5,15.03,130088,790.7,liver,5xFAD,FAD173_M1
78,"[TG(55:8),TG(54:1)]_FA18:1",12012023_DOD73_M2_5xFAD_liver_O3on_01,n-7,607.5,18.49,669,824.7,liver,5xFAD,DOD73_M2
79,"[TG(55:8),TG(54:1)]_FA18:1",12012023_DOD73_M2_5xFAD_liver_O3on_01,n-9,607.5,18.59,10666,796.7,liver,5xFAD,DOD73_M2
80,"[TG(55:8),TG(54:1)]_FA18:1",12012023_FAD131_M1_5xFAD_liver_O3on_01,n-7,607.5,18.58,1140,824.7,liver,5xFAD,FAD131_M1
81,"[TG(55:8),TG(54:1)]_FA18:1",12012023_FAD131_M1_5xFAD_liver_O3on_01,n-9,607.5,18.59,19742,796.7,liver,5xFAD,FAD131_M1
82,"[TG(55:8),TG(54:1)]_FA18:1",12012023_FAD131_M2_5xFAD_liver_O3on_01,n-7,607.5,18.49,1388,824.7,liver,5xFAD,FAD131_M2
83,"[TG(55:8),TG(54:1)]_FA18:1",12012023_FAD131_M2_5xFAD_liver_O3on_01,n-9,607.5,18.59,28746,796.7,liver,5xFAD,FAD131_M2
84,"[TG(55:8),TG(54:1)]_FA18:1",12012023_FAD131_M4_5xFAD_liver_O3on_01,n-9,607.5,18.54,1373,796.7,liver,5xFAD,FAD131_M4
85,"[TG(55:8),TG(54:1)]_FA18:1",12012023_FAD173_M1_5xFAD_liver_O3on_01,n-9,607.5,18.54,8592,796.7,liver,5xFAD,FAD173_M1
86,"[TG(55:9),TG(54:2)]_FA18:1",12012023_DOD73_M2_5xFAD_liver_O3on_01,n-7,605.5,17.38,3522,822.7,liver,5xFAD,DOD73_M2
87,"[TG(55:9),TG(54:2)]_FA18:1",12012023_DOD73_M2_5xFAD_liver_O3on_01,n-9,605.5,17.43,66742,794.7,liver,5xFAD,DOD73_M2
88,"[TG(55:9),TG(54:2)]_FA18:1",12012023_FAD131_M1_5xFAD_liver_O3on_01,n-7,605.5,17.42,5809,822.7,liver,5xFAD,FAD131_M1
89,"[TG(55:9),TG(54:2)]_FA18:1",12012023_FAD131_M1_5xFAD_liver_O3on_01,n-9,605.5,17.43,102335,794.7,liver,5xFAD,FAD131_M1
90,"[TG(55:9),TG(54:2)]_FA18:1",12012023_FAD131_M2_5xFAD_liver_O3on_01,n-7,605.5,17.33,8698,822.7,liver,5xFAD,FAD131_M2
91,"[TG(55:9),TG(54:2)]_FA18:1",12012023_FAD131_M2_5xFAD_liver_O3on_01,n-9,605.5,17.43,129769,794.7,liver,5xFAD,FAD131_M2
92,"[TG(55:9),TG(54:2)]_FA18:1",12012023_FAD131_M4_5xFAD_liver_O3on_01,n-7,605.5,17.33,1655,822.7,liver,5xFAD,FAD131_M4
93,"[TG(55:9),TG(54:2)]_FA18:1",12012023_FAD131_M4_5xFAD_liver_O3on_01,n-9,605.5,17.43,24157,794.7,liver,5xFAD,FAD131_M4
94,"[TG(55:9),TG(54:2)]_FA18:1",12012023_FAD173_M1_5xFAD_liver_O3on_01,n-7,605.5,17.33,2791,822.7,liver,5xFAD,FAD173_M1
95,"[TG(55:9),TG(54:2)]_FA18:1",12012023_FAD173_M1_5xFAD_liver_O3on_01,n-9,605.5,17.43,68341,794.7,liver,5xFAD,FAD173_M1
96,"[TG(56:10),TG(55:3)]_FA18:1",12012023_DOD73_M2_5xFAD_liver_O3on_01,n-9,617.5,16.85,1399,806.7,liver,5xFAD,DOD73_M2
97,"[TG(56:10),TG(55:3)]_FA18:1",12012023_FAD131_M1_5xFAD_liver_O3on_01,n-7,617.5,16.75,938,834.7,liver,5xFAD,FAD131_M1
98,"[TG(56:10),TG(55:3)]_FA18:1",12012023_FAD131_M1_5xFAD_liver_O3on_01,n-9,617.5,16.76,5210,806.7,liver,5xFAD,FAD131_M1
99,"[TG(56:10),TG(55:3)]_FA18:1",12012023_FAD131_M2_5xFAD_liver_O3on_01,n-7,617.5,16.67,1349,834.7,liver,5xFAD,FAD131_M2
100,"[TG(56:10),TG(55:3)]_FA18:1",12012023_FAD131_M2_5xFAD_liver_O3on_01,n-9,617.5,16.76,6846,806.7,liver,5xFAD,FAD131_M2
101,"[TG(56:10),TG(55:3)]_FA18:1",12012023_FAD131_M4_5xFAD_liver_O3on_01,n-9,617.5,16.76,844,806.7,liver,5xFAD,FAD131_M4
102,"[TG(56:10),TG(55:3)]_FA18:1",12012023_FAD173_M1_5xFAD_liver_O3on_01,n-9,617.5,16.72,1920,806.7,liver,5xFAD,FAD173_M1
103,"[TG(56:11),TG(55:4)]_FA18:1",12012023_DOD73_M2_5xFAD_liver_O3on_01,n-9,615.5,15.61,666,804.7,liver,5xFAD,DOD73_M2
104,"[TG(56:11),TG(55:4)]_FA18:1",12012023_FAD131_M1_5xFAD_liver_O3on_01,n-9,615.5,15.61,1675,804.7,liver,5xFAD,FAD131_M1
105,"[TG(56:11),TG(55:4)]_FA18:1",12012023_FAD131_M2_5xFAD_liver_O3on_01,n-9,615.5,15.61,3138,804.7,liver,5xFAD,FAD131_M2
106,"[TG(56:11),TG(55:4)]_FA18:1",12012023_FAD131_M4_5xFAD_liver_O3on_01,n-9,615.5,15.56,778,804.7,liver,5xFAD,FAD131_M4
107,"[TG(56:11),TG(55:4)]_FA18:1",12012023_FAD173_M1_5xFAD_liver_O3on_01,n-9,615.5,15.61,1114,804.7,liver,5xFAD,FAD173_M1
108,[TG(56:6)]_FA18:1,12012023_DOD73_M2_5xFAD_liver_O3on_01,n-9,625.5,14.32,5046,814.7,liver,5xFAD,DOD73_M2
109,[TG(56:6)]_FA18:1,12012023_FAD131_M1_5xFAD_liver_O3on_01,n-7,625.5,14.27,773,842.7,liver,5xFAD,FAD131_M1
110,[TG(56:6)]_FA18:1,12012023_FAD131_M1_5xFAD_liver_O3on_01,n-9,625.5,14.41,8201,814.7,liver,5xFAD,FAD131_M1
111,[TG(56:6)]_FA18:1,12012023_FAD131_M2_5xFAD_liver_O3on_01,n-7,625.5,14.27,1494,842.7,liver,5xFAD,FAD131_M2
112,[TG(56:6)]_FA18:1,12012023_FAD131_M2_5xFAD_liver_O3on_01,n-9,625.5,14.36,10139,814.7,liver,5xFAD,FAD131_M2
113,[TG(56:6)]_FA18:1,12012023_FAD131_M4_5xFAD_liver_O3on_01,n-7,625.5,14.35,653,842.7,liver,5xFAD,FAD131_M4
114,[TG(56:6)]_FA18:1,12012023_FAD131_M4_5xFAD_liver_O3on_01,n-9,625.5,14.41,2710,814.7,liver,5xFAD,FAD131_M4
115,[TG(56:6)]_FA18:1,12012023_FAD173_M1_5xFAD_liver_O3on_01,n-7,625.5,14.27,517,842.7,liver,5xFAD,FAD173_M1
116,[TG(56:6)]_FA18:1,12012023_FAD173_M1_5xFAD_liver_O3on_01,n-9,625.5,14.32,5795,814.7,liver,5xFAD,FAD173_M1
117,"[TG(56:7),TG(55:0)]_FA16:1",12012023_DOD73_M2_5xFAD_liver_O3on_01,n-7,651.6,13.02,836,840.8,liver,5xFAD,DOD73_M2
118,"[TG(56:7),TG(55:0)]_FA16:1",12012023_FAD131_M1_5xFAD_liver_O3on_01,n-7,651.6,13.07,1236,840.8,liver,5xFAD,FAD131_M1
119,"[TG(56:7),TG(55:0)]_FA16:1",12012023_FAD131_M1_5xFAD_liver_O3on_01,n-9,651.6,13.03,808,812.8,liver,5xFAD,FAD131_M1
120,"[TG(56:7),TG(55:0)]_FA16:1",12012023_FAD131_M2_5xFAD_liver_O3on_01,n-7,651.6,13.07,1568,840.8,liver,5xFAD,FAD131_M2
121,"[TG(56:7),TG(55:0)]_FA16:1",12012023_FAD131_M2_5xFAD_liver_O3on_01,n-9,651.6,13.12,1275,812.8,liver,5xFAD,FAD131_M2
122,"[TG(56:7),TG(55:0)]_FA16:1",12012023_FAD131_M4_5xFAD_liver_O3on_01,n-7,651.6,12.98,577,840.8,liver,5xFAD,FAD131_M4
123,"[TG(56:7),TG(55:0)]_FA16:1",12012023_FAD173_M1_5xFAD_liver_O3on_01,n-7,651.6,12.98,1008,840.8,liver,5xFAD,FAD173_M1
124,"[TG(56:7),TG(55:0)]_FA16:1",12012023_FAD173_M1_5xFAD_liver_O3on_01,n-9,651.6,12.99,689,812.8,liver,5xFAD,FAD173_M1
125,"[TG(56:7),TG(55:0)]_FA18:1",12012023_DOD73_M2_5xFAD_liver_O3on_01,n-7,623.6,13.73,512,840.8,liver,5xFAD,DOD73_M2
126,"[TG(56:7),TG(55:0)]_FA18:1",12012023_DOD73_M2_5xFAD_liver_O3on_01,n-9,623.6,13.74,5109,812.8,liver,5xFAD,DOD73_M2
127,"[TG(56:7),TG(55:0)]_FA18:1",12012023_FAD131_M1_5xFAD_liver_O3on_01,n-7,623.6,13.69,671,840.8,liver,5xFAD,FAD131_M1
128,"[TG(56:7),TG(55:0)]_FA18:1",12012023_FAD131_M1_5xFAD_liver_O3on_01,n-9,623.6,13.78,6617,812.8,liver,5xFAD,FAD131_M1
129,"[TG(56:7),TG(55:0)]_FA18:1",12012023_FAD131_M2_5xFAD_liver_O3on_01,n-9,623.6,13.74,8607,812.8,liver,5xFAD,FAD131_M2
130,"[TG(56:7),TG(55:0)]_FA18:1",12012023_FAD131_M4_5xFAD_liver_O3on_01,n-9,623.6,13.74,1854,812.8,liver,5xFAD,FAD131_M4
131,"[TG(56:7),TG(55:0)]_FA18:1",12012023_FAD173_M1_5xFAD_liver_O3on_01,n-7,623.6,13.69,550,840.8,liver,5xFAD,FAD173_M1
132,"[TG(56:7),TG(55:0)]_FA18:1",12012023_FAD173_M1_5xFAD_liver_O3on_01,n-9,623.6,13.74,5887,812.8,liver,5xFAD,FAD173_M1
133,"[TG(57:10),TG(56:3)]_FA18:1",12012023_DOD73_M2_5xFAD_liver_O3on_01,n-7,631.5,17.15,711,848.7,liver,5xFAD,DOD73_M2
134,"[TG(57:10),TG(56:3)]_FA18:1",12012023_DOD73_M2_5xFAD_liver_O3on_01,n-9,631.5,17.25,11653,820.7,liver,5xFAD,DOD73_M2
135,"[TG(57:10),TG(56:3)]_FA18:1",12012023_FAD131_M1_5xFAD_liver_O3on_01,n-7,631.5,17.19,5438,848.7,liver,5xFAD,FAD131_M1
136,"[TG(57:10),TG(56:3)]_FA18:1",12012023_FAD131_M1_5xFAD_liver_O3on_01,n-9,631.5,17.29,48679,820.7,liver,5xFAD,FAD131_M1
137,"[TG(57:10),TG(56:3)]_FA18:1",12012023_FAD131_M2_5xFAD_liver_O3on_01,n-7,631.5,17.19,7002,848.7,liver,5xFAD,FAD131_M2
138,"[TG(57:10),TG(56:3)]_FA18:1",12012023_FAD131_M2_5xFAD_liver_O3on_01,n-9,631.5,17.25,58396,820.7,liver,5xFAD,FAD131_M2
139,"[TG(57:10),TG(56:3)]_FA18:1",12012023_FAD131_M4_5xFAD_liver_O3on_01,n-9,631.5,17.25,5382,820.7,liver,5xFAD,FAD131_M4
140,"[TG(57:10),TG(56:3)]_FA18:1",12012023_FAD173_M1_5xFAD_liver_O3on_01,n-7,631.5,17.19,1102,848.7,liver,5xFAD,FAD173_M1
141,"[TG(57:10),TG(56:3)]_FA18:1",12012023_FAD173_M1_5xFAD_liver_O3on_01,n-9,631.5,17.25,17373,820.7,liver,5xFAD,FAD173_M1
142,"[TG(57:11),TG(56:4)]_FA18:1",12012023_DOD73_M2_5xFAD_liver_O3on_01,n-7,629.5,16.04,1822,846.7,liver,5xFAD,DOD73_M2
143,"[TG(57:11),TG(56:4)]_FA18:1",12012023_DOD73_M2_5xFAD_liver_O3on_01,n-9,629.5,16.14,11524,818.7,liver,5xFAD,DOD73_M2
144,"[TG(57:11),TG(56:4)]_FA18:1",12012023_FAD131_M1_5xFAD_liver_O3on_01,n-7,629.5,16.09,5846,846.7,liver,5xFAD,FAD131_M1
145,"[TG(57:11),TG(56:4)]_FA18:1",12012023_FAD131_M1_5xFAD_liver_O3on_01,n-9,629.5,16.09,21789,818.7,liver,5xFAD,FAD131_M1
146,"[TG(57:11),TG(56:4)]_FA18:1",12012023_FAD131_M2_5xFAD_liver_O3on_01,n-7,629.5,16.04,7550,846.7,liver,5xFAD,FAD131_M2
147,"[TG(57:11),TG(56:4)]_FA18:1",12012023_FAD131_M2_5xFAD_liver_O3on_01,n-9,629.5,16.09,23065,818.7,liver,5xFAD,FAD131_M2
148,"[TG(57:11),TG(56:4)]_FA18:1",12012023_FAD131_M4_5xFAD_liver_O3on_01,n-9,629.5,16.14,4900,818.7,liver,5xFAD,FAD131_M4
149,"[TG(57:11),TG(56:4)]_FA18:1",12012023_FAD173_M1_5xFAD_liver_O3on_01,n-7,629.5,16.04,2459,846.7,liver,5xFAD,FAD173_M1
150,"[TG(57:11),TG(56:4)]_FA18:1",12012023_FAD173_M1_5xFAD_liver_O3on_01,n-9,629.5,16.09,16123,818.7,liver,5xFAD,FAD173_M1
151,"[TG(57:12),TG(56:5)]_FA18:1",12012023_DOD73_M2_5xFAD_liver_O3on_01,n-9,627.5,15.07,1228,816.7,liver,5xFAD,DOD73_M2
152,"[TG(57:12),TG(56:5)]_FA18:1",12012023_FAD131_M1_5xFAD_liver_O3on_01,n-7,627.5,14.93,2148,844.7,liver,5xFAD,FAD131_M1
153,"[TG(57:12),TG(56:5)]_FA18:1",12012023_FAD131_M1_5xFAD_liver_O3on_01,n-9,627.5,14.94,6629,816.7,liver,5xFAD,FAD131_M1
154,"[TG(57:12),TG(56:5)]_FA18:1",12012023_FAD131_M2_5xFAD_liver_O3on_01,n-7,627.5,14.89,1967,844.7,liver,5xFAD,FAD131_M2
155,"[TG(57:12),TG(56:5)]_FA18:1",12012023_FAD131_M2_5xFAD_liver_O3on_01,n-9,627.5,15.12,5627,816.7,liver,5xFAD,FAD131_M2
156,"[TG(57:12),TG(56:5)]_FA18:1",12012023_FAD131_M4_5xFAD_liver_O3on_01,n-9,627.5,14.94,2874,816.7,liver,5xFAD,FAD131_M4
157,"[TG(57:12),TG(56:5)]_FA18:1",12012023_FAD173_M1_5xFAD_liver_O3on_01,n-7,627.5,14.84,669,844.7,liver,5xFAD,FAD173_M1
158,"[TG(57:12),TG(56:5)]_FA18:1",12012023_FAD173_M1_5xFAD_liver_O3on_01,n-9,627.5,14.94,4468,816.7,liver,5xFAD,FAD173_M1
159,"[TG(57:9),TG(56:2)]_FA18:1",12012023_DOD73_M2_5xFAD_liver_O3on_01,n-9,633.6,18.44,6926,822.8,liver,5xFAD,DOD73_M2
160,"[TG(57:9),TG(56:2)]_FA18:1",12012023_FAD131_M1_5xFAD_liver_O3on_01,n-7,633.6,18.44,1663,850.8,liver,5xFAD,FAD131_M1
161,"[TG(57:9),TG(56:2)]_FA18:1",12012023_FAD131_M1_5xFAD_liver_O3on_01,n-9,633.6,18.44,23010,822.8,liver,5xFAD,FAD131_M1
162,"[TG(57:9),TG(56:2)]_FA18:1",12012023_FAD131_M2_5xFAD_liver_O3on_01,n-7,633.6,18.39,2656,850.8,liver,5xFAD,FAD131_M2
163,"[TG(57:9),TG(56:2)]_FA18:1",12012023_FAD131_M2_5xFAD_liver_O3on_01,n-9,633.6,18.44,29542,822.8,liver,5xFAD,FAD131_M2
164,"[TG(57:9),TG(56:2)]_FA18:1",12012023_FAD131_M4_5xFAD_liver_O3on_01,n-9,633.6,18.44,1127,822.8,liver,5xFAD,FAD131_M4
165,"[TG(57:9),TG(56:2)]_FA18:1",12012023_FAD173_M1_5xFAD_liver_O3on_01,n-7,633.6,18.3,798,850.8,liver,5xFAD,FAD173_M1
166,"[TG(57:9),TG(56:2)]_FA18:1",12012023_FAD173_M1_5xFAD_liver_O3on_01,n-9,633.6,18.44,9515,822.8,liver,5xFAD,FAD173_M1
167,"[TG(58:7),TG(57:0)]_FA18:1",12012023_DOD73_M2_5xFAD_liver_O3on_01,n-9,651.6,14.22,808,840.8,liver,5xFAD,DOD73_M2
168,"[TG(58:7),TG(57:0)]_FA18:1",12012023_FAD131_M1_5xFAD_liver_O3on_01,n-9,651.6,14.27,2162,840.8,liver,5xFAD,FAD131_M1
169,"[TG(58:7),TG(57:0)]_FA18:1",12012023_FAD131_M2_5xFAD_liver_O3on_01,n-9,651.6,14.22,2006,840.8,liver,5xFAD,FAD131_M2
170,"[TG(58:7),TG(57:0)]_FA18:1",12012023_FAD131_M4_5xFAD_liver_O3on_01,n-9,651.6,14.18,885,840.8,liver,5xFAD,FAD131_M4
171,"[TG(58:7),TG(57:0)]_FA18:1",12012023_FAD173_M1_5xFAD_liver_O3on_01,n-9,651.6,14.22,1044,840.8,liver,5xFAD,FAD173_M1
172,"[TG(59:11),TG(58:4)]_FA18:1",12012023_DOD73_M2_5xFAD_liver_O3on_01,n-9,657.6,17.15,1534,846.8,liver,5xFAD,DOD73_M2
173,"[TG(59:11),TG(58:4)]_FA18:1",12012023_FAD131_M1_5xFAD_liver_O3on_01,n-7,657.6,17.19,1079,874.8,liver,5xFAD,FAD131_M1
174,"[TG(59:11),TG(58:4)]_FA18:1",12012023_FAD131_M1_5xFAD_liver_O3on_01,n-9,657.6,17.24,3587,846.8,liver,5xFAD,FAD131_M1
175,"[TG(59:11),TG(58:4)]_FA18:1",12012023_FAD131_M2_5xFAD_liver_O3on_01,n-7,657.6,17.1,778,874.8,liver,5xFAD,FAD131_M2
176,"[TG(59:11),TG(58:4)]_FA18:1",12012023_FAD131_M2_5xFAD_liver_O3on_01,n-9,657.6,17.2,3767,846.8,liver,5xFAD,FAD131_M2
177,"[TG(59:11),TG(58:4)]_FA18:1",12012023_FAD173_M1_5xFAD_liver_O3on_01,n-9,657.6,17.2,3132,846.8,liver,5xFAD,FAD173_M1
178,"[TG(59:12),TG(58:5)]_FA18:1",12012023_DOD73_M2_5xFAD_liver_O3on_01,n-9,655.5,16.0,590,844.7,liver,5xFAD,DOD73_M2
179,"[TG(59:12),TG(58:5)]_FA18:1",12012023_FAD131_M1_5xFAD_liver_O3on_01,n-9,655.5,16.04,770,844.7,liver,5xFAD,FAD131_M1
180,"[TG(59:12),TG(58:5)]_FA18:1",12012023_FAD131_M2_5xFAD_liver_O3on_01,n-9,655.5,16.04,619,844.7,liver,5xFAD,FAD131_M2
181,"[TG(59:12),TG(58:5)]_FA18:1",12012023_FAD173_M1_5xFAD_liver_O3on_01,n-9,655.5,16.04,642,844.7,liver,5xFAD,FAD173_M1
182,"[TG(59:13),TG(58:6)]_FA18:1",12012023_FAD131_M1_5xFAD_liver_O3on_01,n-9,653.5,15.51,1293,842.7,liver,5xFAD,FAD131_M1
183,"[TG(59:13),TG(58:6)]_FA18:1",12012023_FAD131_M2_5xFAD_liver_O3on_01,n-9,653.5,15.55,1197,842.7,liver,5xFAD,FAD131_M2
